{
    "metrics": {
        "vus": {
            "value": 1,
            "min": 1,
            "max": 2
        },
        "browser_web_vital_ttfb": {
            "avg": 45.61756756760784,
            "min": 23.5,
            "med": 31.199999999254942,
            "max": 316.8999999985099,
            "p(90)": 65.52000000067056,
            "p(95)": 97.15999999903117
        },
        "data_received": {
            "count": 0,
            "rate": 0
        },
        "browser_fcp": {
            "p(95)": 465.5999999999999,
            "avg": 255.13513513513513,
            "min": 144,
            "med": 208,
            "max": 1696,
            "p(90)": 333.2000000000002,
            "thresholds": {
                "p(75)<1800": false
            }
        },
        "browser_cls": {
            "p(95)": 0.1347261802355448,
            "avg": 0.11658888849696604,
            "min": 0.07266391531626383,
            "med": 0.12769141642252604,
            "max": 0.19148499043782555,
            "p(90)": 0.13233596064249672,
            "thresholds": {
                "avg<0.1": true
            }
        },
        "browser_ttfb": {
            "min": 22.299999997019768,
            "med": 28.049999998882413,
            "max": 137.30000000074506,
            "p(90)": 50.87000000178814,
            "p(95)": 69.20500000044697,
            "avg": 35.57837837838845,
            "thresholds": {
                "p(75)<800": false
            }
        },
        "browser_web_vital_cls": {
            "avg": 0.11658466139999599,
            "min": 0.07266391531626383,
            "med": 0.12769141642252604,
            "max": 0.19148499043782555,
            "p(90)": 0.1323009844462077,
            "p(95)": 0.1347261802355448
        },
        "iterations": {
            "count": 74,
            "rate": 0.24494915187703467
        },
        "browser_web_vital_fcp": {
            "med": 208,
            "max": 1696,
            "p(90)": 333.2000000000002,
            "p(95)": 465.5999999999999,
            "avg": 255.13513513513513,
            "min": 144
        },
        "browser_lcp": {
            "max": 1768,
            "p(90)": 452.40000000000003,
            "p(95)": 589.7999999999989,
            "avg": 335.18918918918916,
            "min": 188,
            "med": 266,
            "thresholds": {
                "p(75)<2500": false
            }
        },
        "data_sent": {
            "count": 0,
            "rate": 0
        },
        "browser_web_vital_lcp": {
            "avg": 335.18918918918916,
            "min": 188,
            "med": 266,
            "max": 1768,
            "p(90)": 452.40000000000003,
            "p(95)": 589.7999999999989
        },
        "iteration_duration": {
            "p(90)": 6715.5568127,
            "p(95)": 7354.31553145,
            "avg": 6713.833349905404,
            "min": 6278.895663,
            "med": 6353.772213,
            "max": 14138.317472
        },
        "browser_http_req_duration": {
            "avg": 56.70059224441844,
            "min": 3.07,
            "med": 17.869999999999997,
            "max": 5283.894,
            "p(90)": 94.6068,
            "p(95)": 148.86899999999994
        },
        "browser_ui_errors": {
            "passes": 74,
            "fails": 0,
            "thresholds": {
                "rate<0.05": true
            },
            "value": 1
        },
        "browser_http_req_failed": {
            "passes": 0,
            "fails": 1702,
            "value": 0
        },
        "vus_max": {
            "value": 2,
            "min": 2,
            "max": 2
        },
        "browser_data_sent": {
            "count": 380360,
            "rate": 1259.0386406479581
        },
        "browser_data_received": {
            "count": 84087338,
            "rate": 278339.4881986155
        }
    },
    "root_group": {
        "name": "",
        "path": "",
        "id": "d41d8cd98f00b204e9800998ecf8427e",
        "groups": {},
        "checks": {}
    }
}